antecedents,consequents
POPPY'S PLAYHOUSE BEDROOM ,POPPY'S PLAYHOUSE KITCHEN
SET/6 RED SPOTTY PAPER CUPS,SET/6 RED SPOTTY PAPER PLATES
REGENCY CAKESTAND 3 TIER,ROSES REGENCY TEACUP AND SAUCER 
WOODEN TREE CHRISTMAS SCANDINAVIAN,WOODEN STAR CHRISTMAS SCANDINAVIAN
POPPY'S PLAYHOUSE LIVINGROOM ,POPPY'S PLAYHOUSE BEDROOM 
POPPY'S PLAYHOUSE LIVINGROOM ,POPPY'S PLAYHOUSE KITCHEN
POPPY'S PLAYHOUSE LIVINGROOM ,POPPY'S PLAYHOUSE KITCHEN
POPPY'S PLAYHOUSE LIVINGROOM ,POPPY'S PLAYHOUSE BEDROOM 
PINK REGENCY TEACUP AND SAUCER,GREEN REGENCY TEACUP AND SAUCER
PINK REGENCY TEACUP AND SAUCER,GREEN REGENCY TEACUP AND SAUCER
PINK REGENCY TEACUP AND SAUCER,ROSES REGENCY TEACUP AND SAUCER 
ROSES REGENCY TEACUP AND SAUCER ,GREEN REGENCY TEACUP AND SAUCER
PINK REGENCY TEACUP AND SAUCER,ROSES REGENCY TEACUP AND SAUCER 
ROSES REGENCY TEACUP AND SAUCER ,GREEN REGENCY TEACUP AND SAUCER
PINK REGENCY TEACUP AND SAUCER,ROSES REGENCY TEACUP AND SAUCER 
REGENCY TEA PLATE GREEN ,REGENCY TEA PLATE ROSES 
REGENCY TEA PLATE PINK,REGENCY TEA PLATE GREEN 
REGENCY TEA PLATE PINK,REGENCY TEA PLATE ROSES 
